{
    "autoclose": false,
    "autoindent": false,
    "autoreload": false,
    "blockclose": "",
    "blockinter": "",
    "blockopen": "",
    "comment": "",
    "eofnewline": false,
    "fileformat": "unix",
    "indentchar": " ",
    "keepautoindent": false,
    "matchbrace": false,
    "rmtrailingws": false,
    "smartindent": false,
    "smartpaste": false,
    "softwrap": false,
    "tabindents": false,
    "tabmovement": true,
    "tabsize": 4,
    "tabstospaces": false,
    "useformatter": false
}
