{
    "autoclose": true,
    "autoindent": true,
    "blockclose": "",
    "blockinter": "",
    "blockopen": "",
    "charsclose": "“”°·•",
    "charsopen": "“”°·•",
    "comment": "#",
    "eofnewline": false,
    "fileformat": "unix",
    "indentchar": " ",
    "keepautoindent": true,
    "matchbrace": true,
    "rmtrailingws": true,
    "smartindent": true,
    "smartpaste": true,
    "softwrap": false,
    "tabindents": false,
    "tabmovement": true,
    "tabsize": 4,
    "tabstospaces": true,
    "useformatter": false
}
